{
    "basePath": "/api",
    "definitions": {
        "Currency": {
            "x-lucy/view": "<div class=\"row\">\n  <div class=\"col-xs-4 text-center\">\n    <img src=\"{{ result.Depiction }}\">\n  </div>\n  <div class=\"col-xs-8\">\n    <h3>{{ result.Name }} ({{result.Code}})</h3>\n    <p>Type: {{ result.CurrencyTypeCode }}</p>\n  </div>\n</div>\n"
        },
        "CurrencyPair": {
            "x-lucy/view": "<div class=\"row\">\n  <div class=\"col-xs-12\">\n    <h2>{{ result.BaseCurrency.Code }} -> {{ result.QuoteCurrency.Code }}</h2>\n    <p>One {{ result.BaseCurrency.Name }} is worth {{ result.ExchangeRate }} {{ result.QuoteCurrency.Name }}</p>\n  </div>\n</div>\n"
        },
        "Exchange": {
            "x-lucy/view": "<div class=\"row\">\n  <div class=\"col-xs-4 text-center\">\n    <img src=\"{{ result.Depiction }}\">\n  </div>\n  <div class=\"col-xs-8\">\n    <h3><a href=\"{{ result.WebSiteUrl }}\" target=\"_blank\">{{ result.Name }} ({{ result.Code }})</a></h3>\n    <p>{{ result.Description }}</p>\n  </div>\n</div>\n"
        }
    },
    "host": "bitdango.com",
    "info": {
        "description": "Bitdango tracks hundreds of digital currency markets around the world.",
        "title": "Bitdango API",
        "version": "1.0.0",
        "x-origin": {
            "format": "swagger",
            "url": "https://bitdango.com/api/documentation",
            "version": "1.2"
        },
        "x-providerName": "bitdango.com"
    },
    "paths": {
        "/currencies": {},
        "/currencies/{currencyCode}": {
            "get": {
                "description": "<p>Get a specific currency.</p>\r\n<p>Authentication Level = 0 (\r\npublic / no authentication\r\n)</p>\r\n",
                "operationId": "currencies",
                "parameters": [
                    {
                        "description": "<ul>\r\n</ul>\r\n",
                        "in": "path",
                        "name": "currencyCode",
                        "required": true,
                        "type": "string",
                        "x-consoleDefault": "HUF"
                    }
                ],
                "produces": [
                    "application/json"
                ],
                "responses": {
                    "200": {
                        "description": "<b>Success</b> Everything worked as expected.",
                        "x-lucy/view": "<lucy if=\"result.Results\">\n  <lucy for=\"currency\" in=\"result.Results\">\n    <lucy include=\"Currency\" resultvar=\"currency\">\n    </lucy>\n    <hr>\n  </lucy>\n</lucy>\n<lucy if=\"!result.Results\">\n  <lucy include=\"Currency\"></lucy>\n</lucy>\n"
                    },
                    "404": {
                        "description": "<b>InvalidResource</b> The resource you requested doesn't exist."
                    },
                    "500": {
                        "description": "<b>Error</b> Generic error message."
                    },
                    "503": {
                        "description": "<b>RequestThresholdBreached</b> You may get this error if you are making too many requests in a time period."
                    }
                },
                "summary": "Get a specific currency.",
                "tags": [
                    "currencies"
                ]
            }
        },
        "/currencypairs": {},
        "/currencypairs/{currencyPairCode}": {
            "get": {
                "description": "<p>Return a specific currency pair.</p>\r\n<p>Authentication Level = 0 (\r\npublic / no authentication\r\n)</p>\r\n<h4>Expand Codes</h4>\r\n<table class=\"fullwidth\"><thead><tr><th>Code</th><th>Description</th></tr></thead><tbody>\r\n<tr><td class=\"code\">exchangeRateHistory</td><td>Use this to get the exchange rate history for currency pairs.</td></tr>\r\n</tbody></table>\r\n",
                "operationId": "currencypairs",
                "parameters": [
                    {
                        "description": "<ul>\r\n</ul>\r\n",
                        "in": "path",
                        "name": "currencyPairCode",
                        "required": true,
                        "type": "string"
                    },
                    {
                        "description": "<ul><li>Example: <span class=\"code\">exchangeRateHistory</span></li></ul>",
                        "in": "query",
                        "name": "expands",
                        "required": false,
                        "type": "string"
                    }
                ],
                "produces": [
                    "application/json"
                ],
                "responses": {
                    "200": {
                        "description": "<b>Success</b> Everything worked as expected.",
                        "x-lucy/view": "<lucy if=\"result.Results\">\n  <lucy for=\"currencyPair\" in=\"result.Results\">\n    <lucy include=\"CurrencyPair\" resultvar=\"currencyPair\">\n    </lucy>\n    <hr>\n  </lucy>\n</lucy>\n<lucy if=\"!result.Results\">\n  <lucy include=\"CurrencyPair\"></lucy>\n</lucy>\n"
                    },
                    "404": {
                        "description": "<b>InvalidResource</b> The resource you requested doesn't exist."
                    },
                    "500": {
                        "description": "<b>Error</b> Generic error message."
                    },
                    "503": {
                        "description": "<b>RequestThresholdBreached</b> You may get this error if you are making too many requests in a time period."
                    }
                },
                "summary": "Return a specific currency pair.",
                "tags": [
                    "currencypairs"
                ]
            }
        },
        "/exchanges": {},
        "/exchanges/{exchangeCode}": {
            "get": {
                "description": "<p>Use this to get a specific exchange.</p>\r\n<p>Authentication Level = 0 (\r\npublic / no authentication\r\n)</p>\r\n<h4>Expand Codes</h4>\r\n<table class=\"fullwidth\"><thead><tr><th>Code</th><th>Description</th></tr></thead><tbody>\r\n<tr><td class=\"code\">credentials</td><td>Include the credentials required to authenticate with this exchange.</td></tr>\r\n<tr><td class=\"code\">limits</td><td>Include the limits enforced by this exchange.</td></tr>\r\n<tr><td class=\"code\">transferPolicies</td><td>Include the transfer policies enforced by this exchange.</td></tr>\r\n<tr><td class=\"code\">markets</td><td>Include the markets listed on this exchange.</td></tr>\r\n</tbody></table>\r\n",
                "operationId": "exchanges",
                "parameters": [
                    {
                        "description": "<ul>\r\n</ul>\r\n",
                        "in": "path",
                        "name": "exchangeCode",
                        "required": true,
                        "type": "string"
                    },
                    {
                        "description": "<ul><li>Example: <span class=\"code\">credentials, limits, transferPolicies, markets</span></li></ul>",
                        "in": "query",
                        "name": "expands",
                        "required": false,
                        "type": "string"
                    }
                ],
                "produces": [
                    "application/json"
                ],
                "responses": {
                    "200": {
                        "description": "<b>Success</b> Everything worked as expected.",
                        "x-lucy/view": "<lucy if=\"result.Results\">\n  <lucy for=\"exchange\" in=\"result.Results\">\n    <lucy include=\"Exchange\" resultvar=\"exchange\">\n    </lucy>\n    <hr>\n  </lucy>\n</lucy>\n<lucy if=\"!result.Results\">\n  <lucy include=\"Exchange\"></lucy>\n</lucy>\n"
                    },
                    "404": {
                        "description": "<b>InvalidResource</b> The resource you requested doesn't exist."
                    },
                    "500": {
                        "description": "<b>Error</b> Generic error message."
                    },
                    "503": {
                        "description": "<b>RequestThresholdBreached</b> You may get this error if you are making too many requests in a time period."
                    }
                },
                "summary": "Use this to get a specific exchange.",
                "tags": [
                    "exchanges"
                ]
            }
        },
        "/marketpairs": {},
        "/marketpairs/{marketPairCode}": {
            "get": {
                "description": "<p>Use this get a specific market pair.</p>\r\n<p>Authentication Level = 1 (\r\naccessToken header\r\n)</p>\r\n<h4>Expand Codes</h4>\r\n<table class=\"fullwidth\"><thead><tr><th>Code</th><th>Description</th></tr></thead><tbody>\r\n<tr><td class=\"code\">trades</td><td>Use this to include profitable trades that can be made.</td></tr>\r\n<tr><td class=\"code\">orderbooks</td><td>Use this to return the order books for both markets in the market pair.</td></tr>\r\n<tr><td class=\"code\">tickers</td><td>Use this to include the tickers for markets.</td></tr>\r\n<tr><td class=\"code\">profitCurve</td><td>Use this to include the profit at different traded amounts.</td></tr>\r\n</tbody></table>\r\n",
                "operationId": "marketpairs",
                "parameters": [
                    {
                        "description": "<p>The access token for the user (<a href=\"http://self-issued.info/docs/draft-ietf-oauth-v2-bearer.html#authz-header\">format</a>: Bearer access_token).</p><p>Example: Bearer DI83JE3H8FEUIFJKWEKJ8E9383</p>",
                        "in": "header",
                        "name": "Authorization",
                        "required": true,
                        "type": "string"
                    },
                    {
                        "description": "<ul>\r\n<li>Example: <span class=\"code\">bitstampBTCUSDmtgoxBTCEUR</span></li>\r\n</ul>\r\n",
                        "in": "path",
                        "name": "marketPairCode",
                        "required": true,
                        "type": "string"
                    },
                    {
                        "description": "<ul><li>Example: <span class=\"code\">trades, orderbooks, tickers, profitCurve</span></li></ul>",
                        "in": "query",
                        "name": "expands",
                        "required": false,
                        "type": "string"
                    }
                ],
                "produces": [
                    "application/json"
                ],
                "responses": {
                    "200": {
                        "description": "<b>Success</b> Everything worked as expected."
                    },
                    "401": {
                        "description": "<b>FailedAuthentication</b> There was a problem validating the accessToken or signature you provided."
                    },
                    "402": {
                        "description": "<b>InsufficientFunds</b> You may get this error if your account is out of API credits. Keep a positive balance to prevent this error."
                    },
                    "404": {
                        "description": "<b>InvalidResource</b> The resource you requested doesn't exist."
                    },
                    "500": {
                        "description": "<b>Error</b> Generic error message."
                    },
                    "503": {
                        "description": "<b>RequestThresholdBreached</b> You may get this error if you are making too many requests in a time period."
                    }
                },
                "summary": "Use this get a specific market pair.",
                "tags": [
                    "marketpairs"
                ]
            }
        },
        "/markets": {},
        "/markets/{marketCode}": {
            "get": {
                "description": "<p>Use this to get a specific market.</p>\r\n<p>Authentication Level = 1 (\r\naccessToken header\r\n)</p>\r\n<h4>Expand Codes</h4>\r\n<table class=\"fullwidth\"><thead><tr><th>Code</th><th>Description</th></tr></thead><tbody>\r\n<tr><td class=\"code\">tickerHistory</td><td>This will include the historical prices for the ticker.</td></tr>\r\n<tr><td class=\"code\">orderBook</td><td>This will include the order book for the market.</td></tr>\r\n<tr><td class=\"code\">ticker</td><td>This will include the ticker for the market.</td></tr>\r\n</tbody></table>\r\n",
                "operationId": "markets",
                "parameters": [
                    {
                        "description": "<p>The access token for the user (<a href=\"http://self-issued.info/docs/draft-ietf-oauth-v2-bearer.html#authz-header\">format</a>: Bearer access_token).</p><p>Example: Bearer DI83JE3H8FEUIFJKWEKJ8E9383</p>",
                        "in": "header",
                        "name": "Authorization",
                        "required": true,
                        "type": "string"
                    },
                    {
                        "description": "<ul>\r\n<li>Example: <span class=\"code\">mtgoxBTCUSD, btceLTCEUR</span></li>\r\n</ul>\r\n",
                        "in": "path",
                        "name": "marketCode",
                        "required": true,
                        "type": "string"
                    },
                    {
                        "description": "<ul><li>Example: <span class=\"code\">tickerHistory, orderBook, ticker</span></li></ul>",
                        "in": "query",
                        "name": "expands",
                        "required": false,
                        "type": "string"
                    }
                ],
                "produces": [
                    "application/json"
                ],
                "responses": {
                    "200": {
                        "description": "<b>Success</b> Everything worked as expected."
                    },
                    "401": {
                        "description": "<b>FailedAuthentication</b> There was a problem validating the accessToken or signature you provided."
                    },
                    "402": {
                        "description": "<b>InsufficientFunds</b> You may get this error if your account is out of API credits. Keep a positive balance to prevent this error."
                    },
                    "404": {
                        "description": "<b>InvalidResource</b> The resource you requested doesn't exist."
                    },
                    "500": {
                        "description": "<b>Error</b> Generic error message."
                    },
                    "503": {
                        "description": "<b>RequestThresholdBreached</b> You may get this error if you are making too many requests in a time period."
                    }
                },
                "summary": "Use this to get a specific market.",
                "tags": [
                    "markets"
                ]
            }
        },
        "/sessions": {
            "get": {
                "description": "<p>Use this to search your session history.</p>\r\n<p>Authentication Level = 1 (\r\naccessToken header\r\n)</p>\r\n<h4>Facet Codes</h4>\r\n<table class=\"fullwidth\"><thead><tr><th>Code</th><th>Description</th></tr></thead><tbody>\r\n<tr><td class=\"code\">countries</td><td>Get a facet of countires where sessions have been initiated.</td></tr>\r\n<tr><td class=\"code\">applications</td><td>Get a facet of applications used to create sessions.</td></tr>\r\n<tr><td class=\"code\">ipAddresses</td><td>Get a facet of IP Addresses used to create sessions.</td></tr>\r\n<tr><td class=\"code\">cities</td><td>Get a facet of cities where sessions have been initiated.</td></tr>\r\n<tr><td class=\"code\">regions</td><td>Get a facet of regions where sessions have been initiated.</td></tr>\r\n</tbody></table>\r\n",
                "operationId": "sessions",
                "parameters": [
                    {
                        "description": "<p>The access token for the user (<a href=\"http://self-issued.info/docs/draft-ietf-oauth-v2-bearer.html#authz-header\">format</a>: Bearer access_token).</p><p>Example: Bearer DI83JE3H8FEUIFJKWEKJ8E9383</p>",
                        "in": "header",
                        "name": "Authorization",
                        "required": true,
                        "type": "string"
                    },
                    {
                        "default": 1,
                        "description": "<ul>\r\n</ul>\r\n",
                        "in": "query",
                        "name": "page",
                        "required": false,
                        "type": "integer"
                    },
                    {
                        "default": 10,
                        "description": "<ul>\r\n<li>Max Value: <span class=\"code\">100</span></li>\r\n</ul>\r\n",
                        "in": "query",
                        "name": "pageSize",
                        "required": false,
                        "type": "integer"
                    },
                    {
                        "default": false,
                        "description": "<ul>\r\n</ul>\r\n",
                        "in": "query",
                        "name": "includeTotalResults",
                        "required": false,
                        "type": "boolean"
                    },
                    {
                        "description": "<ul>\r\n<li>Example: <span class=\"code\">bitdangoApi, automagically</span></li>\r\n</ul>\r\n",
                        "in": "query",
                        "name": "applications",
                        "required": false,
                        "type": "string"
                    },
                    {
                        "description": "<ul>\r\n<li>Example: <span class=\"code\">192.168.456.48</span></li>\r\n</ul>\r\n",
                        "in": "query",
                        "name": "ipAddresses",
                        "required": false,
                        "type": "string"
                    },
                    {
                        "description": "<ul>\r\n<li>Example: <span class=\"code\">Seattle, London, Shanghai</span></li>\r\n</ul>\r\n",
                        "in": "query",
                        "name": "cities",
                        "required": false,
                        "type": "string"
                    },
                    {
                        "description": "<ul>\r\n<li>Example: <span class=\"code\">California, Florida, Colorado</span></li>\r\n</ul>\r\n",
                        "in": "query",
                        "name": "regions",
                        "required": false,
                        "type": "string"
                    },
                    {
                        "description": "<ul>\r\n<li>Example: <span class=\"code\">US, NZ, FR</span></li>\r\n</ul>\r\n",
                        "in": "query",
                        "name": "countries",
                        "required": false,
                        "type": "string"
                    },
                    {
                        "description": "<ul>\r\n<li>Example: <span class=\"code\">9f72b726-d67c-47e5-9a80-fded7a23be1c</span></li>\r\n</ul>\r\n",
                        "in": "query",
                        "name": "sessions",
                        "required": false,
                        "type": "string"
                    },
                    {
                        "description": "<ul><li>Example: countries, applications, ipAddresses, cities, regions</li></ul>",
                        "in": "query",
                        "name": "facets",
                        "required": false,
                        "type": "string"
                    }
                ],
                "produces": [
                    "application/json"
                ],
                "responses": {
                    "200": {
                        "description": "<b>Success</b> Everything worked as expected."
                    },
                    "401": {
                        "description": "<b>FailedAuthentication</b> There was a problem validating the accessToken or signature you provided."
                    },
                    "402": {
                        "description": "<b>InsufficientFunds</b> You may get this error if your account is out of API credits. Keep a positive balance to prevent this error."
                    },
                    "500": {
                        "description": "<b>Error</b> Generic error message."
                    },
                    "503": {
                        "description": "<b>RequestThresholdBreached</b> You may get this error if you are making too many requests in a time period."
                    }
                },
                "summary": "Use this to search your session history.",
                "tags": [
                    "sessions"
                ]
            }
        }
    },
    "schemes": [
        "https"
    ],
    "swagger": "2.0",
    "tags": [
        {
            "name": "exchanges"
        },
        {
            "name": "currencypairs"
        },
        {
            "name": "currencies"
        },
        {
            "name": "marketpairs"
        },
        {
            "name": "markets"
        },
        {
            "name": "sessions"
        }
    ]
}
