{"swagger":"2.0","info":{"version":"v1","title":"Dell.DCP.Orchestrator.Rest"},"host":"d1vmdcpqod01.oldev.preol.dell.com:1004","schemes":["http"],"paths":{"/v1/orders/{id}":{"get":{"tags":["Orders"],"operationId":"Orders_GetOrder","consumes":[],"produces":["application/json","text/json","application/xml","text/xml"],"parameters":[{"name":"id","in":"path","required":true,"type":"string"}],"responses":{"200":{"description":"Return an order given order id.","schema":{"$ref":"#/definitions/Order"}},"404":{"description":"Returned when the resource being requested or targeted does not exist or was not found."}},"deprecated":false}},"/v1/orders":{"get":{"tags":["Orders"],"operationId":"Orders_GetOrders","consumes":[],"produces":["application/json","text/json","application/xml","text/xml"],"parameters":[{"name":"filter.customerNumber","in":"query","required":false,"type":"string"},{"name":"filter.pONumber","in":"query","required":false,"type":"string"},{"name":"filter.country","in":"query","required":false,"type":"string"},{"name":"filter.salesRepId","in":"query","required":false,"type":"string"},{"name":"filter.startDate","in":"query","required":false,"type":"string","format":"date-time"},{"name":"filter.createdBy","in":"query","required":false,"type":"string"},{"name":"filter.opportunityId","in":"query","required":false,"type":"string"},{"name":"filter.quoteNumber","in":"query","required":false,"type":"string"},{"name":"filter.quoteName","in":"query","required":false,"type":"string"}],"responses":{"200":{"description":"Return an order give search criteria.","schema":{"type":"array","items":{"$ref":"#/definitions/Order"}}},"404":{"description":"Returned when the resource being requested or targeted does not exist or was not found."}},"deprecated":false},"post":{"tags":["Orders"],"operationId":"Orders_CreateOrder","consumes":[],"produces":["application/json","text/json","application/xml","text/xml"],"parameters":[{"name":"quoteId","in":"query","required":true,"type":"string"}],"responses":{"200":{"description":"OK","schema":{"$ref":"#/definitions/OrderBase"}},"201":{"description":"Creates a GCM Order from a quote and returns a Models.Order containing DPID and Processing Results.","schema":{"$ref":"#/definitions/Order"}},"404":{"description":"Returned when the resource being requested or targeted does not exist or was not found."}},"deprecated":false}},"/v1/quotes":{"get":{"tags":["Quotes"],"operationId":"Quotes_GetQuotes","consumes":[],"produces":["application/json","text/json","application/xml","text/xml"],"parameters":[{"name":"filter.linkId","in":"query","required":false,"type":"string"},{"name":"filter.number","in":"query","required":false,"type":"integer","format":"int64"},{"name":"filter.version","in":"query","required":false,"type":"integer","format":"int32"}],"responses":{"200":{"description":"Return a quote given quote number and quote version.","schema":{"$ref":"#/definitions/QuoteCollection"}},"404":{"description":"Returned when the resource being requested or targeted does not exist or was not found."}},"deprecated":false},"post":{"tags":["Quotes"],"operationId":"Quotes_CreateQuote","consumes":["application/json","text/json","application/xml","text/xml","application/x-www-form-urlencoded"],"produces":["application/json","text/json","application/xml","text/xml"],"parameters":[{"name":"quote","in":"body","required":true,"schema":{"$ref":"#/definitions/Quote"}},{"name":"filter.fromQuoteId","in":"query","required":false,"type":"string"},{"name":"filter.mergeFromQuoteIds","in":"query","required":false,"type":"string"},{"name":"filter.isEQuote","in":"query","required":false,"type":"boolean"},{"name":"filter.solutionId","in":"query","required":false,"type":"string"},{"name":"filter.solutionVersion","in":"query","required":false,"type":"string"},{"name":"filter.solutionRegion","in":"query","required":false,"type":"string"},{"name":"filter.solutionGroupId","in":"query","required":false,"type":"string"},{"name":"filter.linkToQuoteId","in":"query","required":false,"type":"string"},{"name":"filter.fromDPID","in":"query","required":false,"type":"integer","format":"int64"}],"responses":{"200":{"description":"OK","schema":{"$ref":"#/definitions/Quote"}},"201":{"description":"Create a quote and upon success returns a quote resource back with service generated values.  To turn a solution into an order provide the following query strings: SolutionId, SolutionRegion, SolutionVersion.","schema":{"$ref":"#/definitions/Quote"}},"404":{"description":"Returned when the resource being requested or targeted does not exist or was not found."}},"deprecated":false}},"/v1/quotes/{id}":{"get":{"tags":["Quotes"],"operationId":"Quotes_GetQuote","consumes":[],"produces":["application/json","text/json","application/xml","text/xml"],"parameters":[{"name":"id","in":"path","required":true,"type":"string"},{"name":"filter.reCalculatePrice","in":"query","required":false,"type":"boolean"},{"name":"filter.validateQuote","in":"query","required":false,"type":"boolean"}],"responses":{"200":{"description":"Return a quote given the quote id.","schema":{"$ref":"#/definitions/Quote"}},"400":{"description":"Unable to get quote due to bad input.  Make sure and check response headers for more detailed information in the event a 400 is returned."},"404":{"description":"Returned when the resource being requested or targeted does not exist or was not found."}},"deprecated":false},"patch":{"tags":["Quotes"],"operationId":"Quotes_PartialUpdateQuote","consumes":["application/json","text/json","application/xml","text/xml","application/x-www-form-urlencoded"],"produces":["application/json","text/json","application/xml","text/xml"],"parameters":[{"name":"item","in":"body","required":true,"schema":{"$ref":"#/definitions/QuoteBase"}},{"name":"id","in":"path","required":true,"type":"string"},{"name":"filter.linkToQuoteId","in":"query","required":false,"type":"string"}],"responses":{"200":{"description":"OK","schema":{"$ref":"#/definitions/Object"}},"204":{"description":"Partial update quote fields.  Only primitive quote fields can be updated in this manor.  Any field not specified or null will not be updated."},"400":{"description":"Returned when both LinkToQuoteId querystring was specified and LinkId in body was specified."},"404":{"description":"Returned when the resource being requested or targeted does not exist or was not found."}},"deprecated":false}},"/v1/quotes/{id}/properties/{key}":{"get":{"tags":["Quotes"],"operationId":"Quotes_GetQuoteProperty","consumes":[],"produces":["application/json","text/json","application/xml","text/xml"],"parameters":[{"name":"id","in":"path","required":true,"type":"string"},{"name":"key","in":"path","required":true,"type":"string"}],"responses":{"200":{"description":"Return a property for an existing quote.","schema":{"type":"string"}},"404":{"description":"Returned when the resource being requested or targeted does not exist or was not found."}},"deprecated":false},"put":{"tags":["Quotes"],"operationId":"Quotes_UpsertQuoteProperty","consumes":["application/json","text/json","application/xml","text/xml","application/x-www-form-urlencoded"],"produces":["application/json","text/json","application/xml","text/xml"],"parameters":[{"name":"id","in":"path","required":true,"type":"string"},{"name":"key","in":"path","required":true,"type":"string"},{"name":"value","in":"body","required":true,"schema":{"type":"string"}}],"responses":{"200":{"description":"OK","schema":{"$ref":"#/definitions/Object"}},"201":{"description":"Upsert a property on an existing quote."},"404":{"description":"Returned when the resource being requested or targeted does not exist or was not found."}},"deprecated":false},"delete":{"tags":["Quotes"],"operationId":"Quotes_DeleteQuoteProperty","consumes":[],"produces":["application/json","text/json","application/xml","text/xml"],"parameters":[{"name":"id","in":"path","required":true,"type":"string"},{"name":"key","in":"path","required":true,"type":"string"}],"responses":{"200":{"description":"OK","schema":{"$ref":"#/definitions/Object"}},"204":{"description":"Delete a single property for an existing quote."},"404":{"description":"Returned when the resource being requested or targeted does not exist or was not found."}},"deprecated":false}},"/v1/quotes/{id}/properties":{"get":{"tags":["Quotes"],"operationId":"Quotes_GetQuoteProperties","consumes":[],"produces":["application/json","text/json","application/xml","text/xml"],"parameters":[{"name":"id","in":"path","required":true,"type":"string"}],"responses":{"200":{"description":"Return all properties for an existing quote.","schema":{"type":"object","additionalProperties":{"type":"string"}}},"404":{"description":"Returned when the resource being requested or targeted does not exist or was not found."}},"deprecated":false},"delete":{"tags":["Quotes"],"operationId":"Quotes_DeleteQuoteProperties","consumes":[],"produces":["application/json","text/json","application/xml","text/xml"],"parameters":[{"name":"id","in":"path","required":true,"type":"string"}],"responses":{"200":{"description":"OK","schema":{"$ref":"#/definitions/Object"}},"204":{"description":"Delete all properties for an existing quote."},"404":{"description":"Returned when the resource being requested or targeted does not exist or was not found."}},"deprecated":false}},"/v1/quotes/{id}/items":{"get":{"tags":["Quotes"],"operationId":"Quotes_GetQuoteItems","consumes":[],"produces":["application/json","text/json","application/xml","text/xml"],"parameters":[{"name":"id","in":"path","required":true,"type":"string"}],"responses":{"200":{"description":"Return all quote items for an existing quote.","schema":{"type":"array","items":{"$ref":"#/definitions/QuoteItem"}}},"404":{"description":"Returned when the resource being requested or targeted does not exist or was not found."}},"deprecated":false},"post":{"tags":["Quotes"],"operationId":"Quotes_CreateQuoteItem","consumes":[],"produces":["application/json","text/json","application/xml","text/xml"],"parameters":[{"name":"id","in":"path","required":true,"type":"string"},{"name":"filter.code","in":"query","required":false,"type":"string"},{"name":"filter.type","in":"query","required":false,"type":"integer","format":"int32","enum":[0,1]},{"name":"filter.catalogId","in":"query","required":false,"type":"integer","format":"int32"}],"responses":{"200":{"description":"OK","schema":{"$ref":"#/definitions/QuoteItem"}},"201":{"description":"Create a quote item and upon success returns a quote item resource back with service generated values.  When creating an item that is an ORDER CODE make sure the ID is the Dell selection hash (Type=OrderCode).  For SnP item just use the SnP Id (Type=SnP).","schema":{"$ref":"#/definitions/QuoteItem"}},"404":{"description":"Returned when the resource being requested or targeted does not exist or was not found."}},"deprecated":false}},"/v1/quotes/{id}/items/{itemId}":{"get":{"tags":["Quotes"],"operationId":"Quotes_GetQuoteItem","consumes":[],"produces":["application/json","text/json","application/xml","text/xml"],"parameters":[{"name":"id","in":"path","required":true,"type":"string"},{"name":"itemId","in":"path","required":true,"type":"string"}],"responses":{"200":{"description":"Return a quote item for an existing quote.","schema":{"$ref":"#/definitions/QuoteItem"}},"404":{"description":"Returned when the resource being requested or targeted does not exist or was not found."}},"deprecated":false},"delete":{"tags":["Quotes"],"operationId":"Quotes_DeleteQuoteItem","consumes":[],"produces":["application/json","text/json","application/xml","text/xml"],"parameters":[{"name":"id","in":"path","required":true,"type":"string"},{"name":"itemId","in":"path","required":true,"type":"string"}],"responses":{"200":{"description":"OK","schema":{"$ref":"#/definitions/Object"}},"204":{"description":"Delete an item from an existing quote."},"404":{"description":"Returned when the resource being requested or targeted does not exist or was not found."}},"deprecated":false},"patch":{"tags":["Quotes"],"operationId":"Quotes_PartialUpdateQuoteItem","consumes":["application/json","text/json","application/xml","text/xml","application/x-www-form-urlencoded"],"produces":["application/json","text/json","application/xml","text/xml"],"parameters":[{"name":"id","in":"path","required":true,"type":"string"},{"name":"itemId","in":"path","required":true,"type":"string"},{"name":"item","in":"body","required":true,"schema":{"$ref":"#/definitions/QuoteItemBase"}}],"responses":{"200":{"description":"OK","schema":{"$ref":"#/definitions/Object"}},"204":{"description":"Update quote item for an existing quote."},"404":{"description":"Returned when the resource being requested or targeted does not exist or was not found."}},"deprecated":false}},"/v1/quotes/{id}/items/{itemId}/properties/{key}":{"get":{"tags":["Quotes"],"operationId":"Quotes_GetQuoteItemProperty","consumes":[],"produces":["application/json","text/json","application/xml","text/xml"],"parameters":[{"name":"id","in":"path","required":true,"type":"string"},{"name":"itemId","in":"path","required":true,"type":"string"},{"name":"key","in":"path","required":true,"type":"string"}],"responses":{"200":{"description":"Return a property for an existing quote item.","schema":{"type":"string"}},"404":{"description":"Returned when the resource being requested or targeted does not exist or was not found."}},"deprecated":false},"put":{"tags":["Quotes"],"operationId":"Quotes_UpsertQuoteItemProperty","consumes":["application/json","text/json","application/xml","text/xml","application/x-www-form-urlencoded"],"produces":["application/json","text/json","application/xml","text/xml"],"parameters":[{"name":"id","in":"path","required":true,"type":"string"},{"name":"itemId","in":"path","required":true,"type":"string"},{"name":"key","in":"path","required":true,"type":"string"},{"name":"value","in":"body","required":true,"schema":{"type":"string"}}],"responses":{"200":{"description":"OK","schema":{"$ref":"#/definitions/Object"}},"204":{"description":"Upsert a property on an existing quote item."},"404":{"description":"Returned when the resource being requested or targeted does not exist or was not found."}},"deprecated":false},"delete":{"tags":["Quotes"],"operationId":"Quotes_DeleteQuoteItemProperty","consumes":[],"produces":["application/json","text/json","application/xml","text/xml"],"parameters":[{"name":"id","in":"path","required":true,"type":"string"},{"name":"itemId","in":"path","required":true,"type":"string"},{"name":"key","in":"path","required":true,"type":"string"}],"responses":{"200":{"description":"OK","schema":{"$ref":"#/definitions/Object"}},"204":{"description":"Delete a single property for an existing quote item."},"404":{"description":"Returned when the resource being requested or targeted does not exist or was not found."}},"deprecated":false}},"/v1/quotes/{id}/items/{itemId}/properties":{"get":{"tags":["Quotes"],"operationId":"Quotes_GetQuoteItemProperties","consumes":[],"produces":["application/json","text/json","application/xml","text/xml"],"parameters":[{"name":"id","in":"path","required":true,"type":"string"},{"name":"itemId","in":"path","required":true,"type":"string"}],"responses":{"200":{"description":"Return all properties for an existing quote item.","schema":{"type":"object","additionalProperties":{"type":"string"}}},"404":{"description":"Returned when the resource being requested or targeted does not exist or was not found."}},"deprecated":false},"delete":{"tags":["Quotes"],"operationId":"Quotes_DeleteQuoteItemProperties","consumes":[],"produces":["application/json","text/json","application/xml","text/xml"],"parameters":[{"name":"id","in":"path","required":true,"type":"string"},{"name":"itemId","in":"path","required":true,"type":"string"}],"responses":{"200":{"description":"OK","schema":{"$ref":"#/definitions/Object"}},"204":{"description":"Delete all properties for an existing quote item."},"404":{"description":"Returned when the resource being requested or targeted does not exist or was not found."}},"deprecated":false}},"/v1/quotes/{id}/items/{itemId}/comments":{"get":{"tags":["Quotes"],"operationId":"Quotes_GetQuoteItemComments","consumes":[],"produces":["application/json","text/json","application/xml","text/xml"],"parameters":[{"name":"id","in":"path","required":true,"type":"string"},{"name":"itemId","in":"path","required":true,"type":"string"}],"responses":{"200":{"description":"Return all comments associated to an existing quote item.","schema":{"type":"array","items":{"$ref":"#/definitions/Comment"}}},"404":{"description":"Returned when the resource being requested or targeted does not exist or was not found."}},"deprecated":false},"post":{"tags":["Quotes"],"operationId":"Quotes_CreateQuoteItemComment","consumes":["application/json","text/json","application/xml","text/xml","application/x-www-form-urlencoded"],"produces":["application/json","text/json","application/xml","text/xml"],"parameters":[{"name":"id","in":"path","required":true,"type":"string"},{"name":"itemId","in":"path","required":true,"type":"string"},{"name":"item","in":"body","required":true,"schema":{"$ref":"#/definitions/Comment"}}],"responses":{"200":{"description":"OK","schema":{"$ref":"#/definitions/Comment"}},"201":{"description":"Create a comment for an existing quote item.","schema":{"$ref":"#/definitions/Comment"}},"404":{"description":"Returned when the resource being requested or targeted does not exist or was not found."}},"deprecated":false},"delete":{"tags":["Quotes"],"operationId":"Quotes_DeleteQuoteItemComments","consumes":[],"produces":["application/json","text/json","application/xml","text/xml"],"parameters":[{"name":"id","in":"path","required":true,"type":"string"},{"name":"itemId","in":"path","required":true,"type":"string"}],"responses":{"200":{"description":"OK","schema":{"$ref":"#/definitions/Object"}},"204":{"description":"Delete all comments for an existing quote item."},"404":{"description":"Returned when the resource being requested or targeted does not exist or was not found."}},"deprecated":false}},"/v1/quotes/{id}/items/{itemId}/comments/{commentId}":{"get":{"tags":["Quotes"],"operationId":"Quotes_GetQuoteItemComment","consumes":[],"produces":["application/json","text/json","application/xml","text/xml"],"parameters":[{"name":"id","in":"path","required":true,"type":"string"},{"name":"itemId","in":"path","required":true,"type":"string"},{"name":"commentId","in":"path","required":true,"type":"string"}],"responses":{"200":{"description":"Return the comment associated to the comment id specified for an existing quote item.","schema":{"$ref":"#/definitions/Comment"}},"404":{"description":"Returned when the resource being requested or targeted does not exist or was not found."}},"deprecated":false},"delete":{"tags":["Quotes"],"operationId":"Quotes_DeleteQuoteItemComment","consumes":[],"produces":["application/json","text/json","application/xml","text/xml"],"parameters":[{"name":"id","in":"path","required":true,"type":"string"},{"name":"itemId","in":"path","required":true,"type":"string"},{"name":"commentId","in":"path","required":true,"type":"string"}],"responses":{"200":{"description":"OK","schema":{"$ref":"#/definitions/Object"}},"204":{"description":"Delete a single comment from an existing quote item."},"404":{"description":"Returned when the resource being requested or targeted does not exist or was not found."}},"deprecated":false}},"/v1/quotes/{id}/items/{itemId}/priceAdjustment":{"put":{"tags":["Quotes"],"operationId":"Quotes_UpsertQuoteItemPriceAdjustment","consumes":["application/json","text/json","application/xml","text/xml","application/x-www-form-urlencoded"],"produces":["application/json","text/json","application/xml","text/xml"],"parameters":[{"name":"id","in":"path","required":true,"type":"string"},{"name":"itemId","in":"path","required":true,"type":"string"},{"name":"item","in":"body","required":true,"schema":{"$ref":"#/definitions/PriceAdjustment"}}],"responses":{"200":{"description":"OK","schema":{"$ref":"#/definitions/Object"}},"201":{"description":"Successfully created/upserted price adjustment to existing quote item."},"404":{"description":"Returned when the resource being requested or targeted does not exist or was not found."}},"deprecated":false}},"/v1/quotes/{id}/shipments/{shipmentId}/items":{"post":{"tags":["Quotes"],"operationId":"Quotes_CreateQuoteShipmentItem","consumes":[],"produces":["application/json","text/json","application/xml","text/xml"],"parameters":[{"name":"id","in":"path","required":true,"type":"string"},{"name":"shipmentId","in":"path","required":true,"type":"string"},{"name":"quoteItemId","in":"query","required":true,"type":"string"}],"responses":{"200":{"description":"OK","schema":{"$ref":"#/definitions/Shipment"}},"201":{"description":"Create a shipment item for an existing quote and upon success returns a shipment item resource back with service generated values."},"404":{"description":"Returned when the resource being requested or targeted does not exist or was not found."}},"deprecated":false}},"/v1/quotes/{id}/shipments/{shipmentId}/items/{itemId}":{"delete":{"tags":["Quotes"],"operationId":"Quotes_DeleteQuoteShipmentItem","consumes":[],"produces":["application/json","text/json","application/xml","text/xml"],"parameters":[{"name":"id","in":"path","required":true,"type":"string"},{"name":"shipmentId","in":"path","required":true,"type":"string"},{"name":"itemId","in":"path","required":true,"type":"string"}],"responses":{"200":{"description":"OK","schema":{"$ref":"#/definitions/Object"}},"204":{"description":"Delete an existing shipment item from an existing quote."},"404":{"description":"Returned when the resource being requested or targeted does not exist or was not found."}},"deprecated":false}},"/v1/quotes/{id}/shipments":{"get":{"tags":["Quotes"],"operationId":"Quotes_GetQuoteShipments","consumes":[],"produces":["application/json","text/json","application/xml","text/xml"],"parameters":[{"name":"id","in":"path","required":true,"type":"string"}],"responses":{"200":{"description":"Return list of available shipments for existing quote.","schema":{"type":"array","items":{"$ref":"#/definitions/Shipment"}}},"404":{"description":"Returned when the resource being requested or targeted does not exist or was not found."}},"deprecated":false},"post":{"tags":["Quotes"],"operationId":"Quotes_CreateQuoteShipment","consumes":["application/json","text/json","application/xml","text/xml","application/x-www-form-urlencoded"],"produces":["application/json","text/json","application/xml","text/xml"],"parameters":[{"name":"shipment","in":"body","required":true,"schema":{"$ref":"#/definitions/Shipment"}},{"name":"id","in":"path","required":true,"type":"string"}],"responses":{"200":{"description":"OK","schema":{"$ref":"#/definitions/Shipment"}},"201":{"description":"Create a shipment for an existing quote and upon success returns a shipment resource back with service generated values.","schema":{"$ref":"#/definitions/Shipment"}},"404":{"description":"Returned when the resource being requested or targeted does not exist or was not found."}},"deprecated":false}},"/v1/quotes/{id}/shipments/{shipmentId}":{"get":{"tags":["Quotes"],"operationId":"Quotes_GetQuoteShipment","consumes":[],"produces":["application/json","text/json","application/xml","text/xml"],"parameters":[{"name":"id","in":"path","required":true,"type":"string"},{"name":"shipmentId","in":"path","required":true,"type":"string"}],"responses":{"200":{"description":"Return an existing shipment in an existing quote.","schema":{"$ref":"#/definitions/Shipment"}},"404":{"description":"Returned when the resource being requested or targeted does not exist or was not found."}},"deprecated":false},"delete":{"tags":["Quotes"],"operationId":"Quotes_DeleteQuoteShipment","consumes":[],"produces":["application/json","text/json","application/xml","text/xml"],"parameters":[{"name":"id","in":"path","required":true,"type":"string"},{"name":"shipmentId","in":"path","required":true,"type":"string"}],"responses":{"200":{"description":"OK","schema":{"$ref":"#/definitions/Object"}},"204":{"description":"Delete an existing shipment from an existing quote."},"404":{"description":"Returned when the resource being requested or targeted does not exist or was not found."}},"deprecated":false},"patch":{"tags":["Quotes"],"operationId":"Quotes_PartialUpdateQuoteShipment","consumes":["application/json","text/json","application/xml","text/xml","application/x-www-form-urlencoded"],"produces":["application/json","text/json","application/xml","text/xml"],"parameters":[{"name":"id","in":"path","required":true,"type":"string"},{"name":"shipmentId","in":"path","required":true,"type":"string"},{"name":"item","in":"body","required":true,"schema":{"$ref":"#/definitions/ShipmentBase"}}],"responses":{"200":{"description":"OK","schema":{"$ref":"#/definitions/Object"}},"204":{"description":"Successfully updated shipment on existing quote."},"404":{"description":"Returned when the resource being requested or targeted does not exist or was not found."}},"deprecated":false}},"/v1/quotes/{id}/shipments/{shipmentId}/shippingContact":{"get":{"tags":["Quotes"],"operationId":"Quotes_GetQuoteShipmentItemContact","consumes":[],"produces":["application/json","text/json","application/xml","text/xml"],"parameters":[{"name":"id","in":"path","required":true,"type":"string"},{"name":"shipmentId","in":"path","required":true,"type":"string"}],"responses":{"200":{"description":"Return contact associated to existing shipment.","schema":{"$ref":"#/definitions/Contact"}},"404":{"description":"Returned when the resource being requested or targeted does not exist or was not found."}},"deprecated":false},"put":{"tags":["Quotes"],"operationId":"Quotes_UpsertQuoteShipmentItemContact","consumes":["application/json","text/json","application/xml","text/xml","application/x-www-form-urlencoded"],"produces":["application/json","text/json","application/xml","text/xml"],"parameters":[{"name":"item","in":"body","required":true,"schema":{"$ref":"#/definitions/Contact"}},{"name":"id","in":"path","required":true,"type":"string"},{"name":"shipmentId","in":"path","required":true,"type":"string"}],"responses":{"200":{"description":"OK","schema":{"$ref":"#/definitions/Contact"}},"201":{"description":"Successfully upsert and associated contact information to an existing shipment.","schema":{"$ref":"#/definitions/Contact"}},"404":{"description":"Returned when the resource being requested or targeted does not exist or was not found."}},"deprecated":false},"patch":{"tags":["Quotes"],"operationId":"Quotes_PartialUpdateQuoteShipmentItemContact","consumes":["application/json","text/json","application/xml","text/xml","application/x-www-form-urlencoded"],"produces":["application/json","text/json","application/xml","text/xml"],"parameters":[{"name":"item","in":"body","required":true,"schema":{"$ref":"#/definitions/Contact"}},{"name":"id","in":"path","required":true,"type":"string"},{"name":"shipmentId","in":"path","required":true,"type":"string"}],"responses":{"200":{"description":"OK","schema":{"$ref":"#/definitions/Object"}},"204":{"description":"Successfully created and associated contact to existing shipment."},"404":{"description":"Returned when the resource being requested or targeted does not exist or was not found."}},"deprecated":false}},"/v1/quotes/{id}/customer":{"get":{"tags":["Quotes"],"operationId":"Quotes_GetQuoteCustomer","consumes":[],"produces":["application/json","text/json","application/xml","text/xml"],"parameters":[{"name":"id","in":"path","required":true,"type":"string"}],"responses":{"200":{"description":"Get customer information for an existing quote.","schema":{"$ref":"#/definitions/Customer"}},"404":{"description":"Returned when the resource being requested or targeted does not exist or was not found."}},"deprecated":false},"put":{"tags":["Quotes"],"operationId":"Quotes_UpsertQuoteCustomer","consumes":["application/json","text/json","application/xml","text/xml","application/x-www-form-urlencoded"],"produces":["application/json","text/json","application/xml","text/xml"],"parameters":[{"name":"customer","in":"body","required":true,"schema":{"$ref":"#/definitions/Customer"}},{"name":"id","in":"path","required":true,"type":"string"}],"responses":{"200":{"description":"OK","schema":{"$ref":"#/definitions/Customer"}},"201":{"description":"Customer information successfully created.","schema":{"$ref":"#/definitions/Customer"}},"404":{"description":"Returned when the resource being requested or targeted does not exist or was not found."}},"deprecated":false}},"/v1/quotes/{id}/context":{"get":{"tags":["Quotes"],"operationId":"Quotes_GetQuoteContext","consumes":[],"produces":["application/json","text/json","application/xml","text/xml"],"parameters":[{"name":"id","in":"path","required":true,"type":"string"}],"responses":{"200":{"description":"Return context associated to an existing quote.","schema":{"$ref":"#/definitions/Context"}},"404":{"description":"Returned when the resource being requested or targeted does not exist or was not found."}},"deprecated":false},"put":{"tags":["Quotes"],"operationId":"Quotes_UpsertQuoteContext","consumes":["application/json","text/json","application/xml","text/xml","application/x-www-form-urlencoded"],"produces":["application/json","text/json","application/xml","text/xml"],"parameters":[{"name":"context","in":"body","required":true,"schema":{"$ref":"#/definitions/Context"}},{"name":"id","in":"path","required":true,"type":"string"}],"responses":{"200":{"description":"OK","schema":{"$ref":"#/definitions/Context"}},"201":{"description":"Business segment context successfully created.","schema":{"$ref":"#/definitions/Context"}},"404":{"description":"Returned when the resource being requested or targeted does not exist or was not found."}},"deprecated":false}},"/v1/quotes/{id}/communicationInformation":{"get":{"tags":["Quotes"],"operationId":"Quotes_GetQuoteCommunicationInformation","consumes":[],"produces":["application/json","text/json","application/xml","text/xml"],"parameters":[{"name":"id","in":"path","required":true,"type":"string"}],"responses":{"200":{"description":"Return communication information associated to an existing quote.","schema":{"$ref":"#/definitions/CommunicationInformation"}},"404":{"description":"Returned when the resource being requested or targeted does not exist or was not found."}},"deprecated":false},"put":{"tags":["Quotes"],"operationId":"Quotes_UpsertQuoteCommunicationInformation","consumes":["application/json","text/json","application/xml","text/xml","application/x-www-form-urlencoded"],"produces":["application/json","text/json","application/xml","text/xml"],"parameters":[{"name":"item","in":"body","required":true,"schema":{"$ref":"#/definitions/CommunicationInformation"}},{"name":"id","in":"path","required":true,"type":"string"}],"responses":{"200":{"description":"OK","schema":{"$ref":"#/definitions/CommunicationInformation"}},"201":{"description":"Upsert communication information used to email quote information to customer.","schema":{"$ref":"#/definitions/CommunicationInformation"}},"404":{"description":"Returned when the resource being requested or targeted does not exist or was not found."}},"deprecated":false}},"/v1/quotes/{id}/contact":{"get":{"tags":["Quotes"],"operationId":"Quotes_GetQuoteBillingContact","consumes":[],"produces":["application/json","text/json","application/xml","text/xml"],"parameters":[{"name":"id","in":"path","required":true,"type":"string"}],"responses":{"200":{"description":"Return billing contact associated to existing quote.","schema":{"$ref":"#/definitions/Contact"}},"404":{"description":"Returned when the resource being requested or targeted does not exist or was not found."}},"deprecated":false},"put":{"tags":["Quotes"],"operationId":"Quotes_UpsertQuoteBillingContact","consumes":["application/json","text/json","application/xml","text/xml","application/x-www-form-urlencoded"],"produces":["application/json","text/json","application/xml","text/xml"],"parameters":[{"name":"contact","in":"body","required":true,"schema":{"$ref":"#/definitions/Contact"}},{"name":"id","in":"path","required":true,"type":"string"}],"responses":{"200":{"description":"OK","schema":{"$ref":"#/definitions/Contact"}},"201":{"description":"Billing contact information successfully created.","schema":{"$ref":"#/definitions/Contact"}},"404":{"description":"Returned when the resource being requested or targeted does not exist or was not found."}},"deprecated":false}},"/v1/quotes/{id}/taxInformation":{"get":{"tags":["Quotes"],"operationId":"Quotes_GetQuoteTaxInformation","consumes":[],"produces":["application/json","text/json","application/xml","text/xml"],"parameters":[{"name":"id","in":"path","required":true,"type":"string"}],"responses":{"200":{"description":"Return tax information associated to existing quote.","schema":{"$ref":"#/definitions/TaxInformation"}},"404":{"description":"Returned when the resource being requested or targeted does not exist or was not found."}},"deprecated":false},"patch":{"tags":["Quotes"],"operationId":"Quotes_UpsertQuoteTaxInformation","consumes":["application/json","text/json","application/xml","text/xml","application/x-www-form-urlencoded"],"produces":["application/json","text/json","application/xml","text/xml"],"parameters":[{"name":"id","in":"path","required":true,"type":"string"},{"name":"item","in":"body","required":true,"schema":{"$ref":"#/definitions/TaxInformation"}}],"responses":{"200":{"description":"OK","schema":{"$ref":"#/definitions/TaxInformation"}},"201":{"description":"Upsert tax information for existing quote."},"404":{"description":"Returned when the resource being requested or targeted does not exist or was not found."}},"deprecated":false}},"/v1/quotes/{id}/exportIntent":{"get":{"tags":["Quotes"],"operationId":"Quotes_GetQuoteExportCompliance","consumes":[],"produces":["application/json","text/json","application/xml","text/xml"],"parameters":[{"name":"id","in":"path","required":true,"type":"string"}],"responses":{"200":{"description":"Return export complaince information associated to existing quote.","schema":{"$ref":"#/definitions/ExportIntent"}},"404":{"description":"Returned when the resource being requested or targeted does not exist or was not found."}},"deprecated":false},"put":{"tags":["Quotes"],"operationId":"Quotes_UpsertQuoteExportCompliance","consumes":["application/json","text/json","application/xml","text/xml","application/x-www-form-urlencoded"],"produces":["application/json","text/json","application/xml","text/xml"],"parameters":[{"name":"id","in":"path","required":true,"type":"string"},{"name":"item","in":"body","required":true,"schema":{"$ref":"#/definitions/ExportIntent"}}],"responses":{"200":{"description":"OK","schema":{"$ref":"#/definitions/ExportIntent"}},"201":{"description":"Upsert export compliance information to existing quote.","schema":{"$ref":"#/definitions/ExportIntent"}},"404":{"description":"Returned when the resource being requested or targeted does not exist or was not found."}},"deprecated":false}},"/v1/quotes/{id}/salesReps":{"get":{"tags":["Quotes"],"operationId":"Quotes_GetQuoteSalesReps","consumes":[],"produces":["application/json","text/json","application/xml","text/xml"],"parameters":[{"name":"id","in":"path","required":true,"type":"string"}],"responses":{"200":{"description":"Return sales rep information associated to an existing quote.","schema":{"$ref":"#/definitions/SalesRep"}},"404":{"description":"Returned when the resource being requested or targeted does not exist or was not found."}},"deprecated":false},"post":{"tags":["Quotes"],"operationId":"Quotes_CreateQuoteSalesRep","consumes":["application/json","text/json","application/xml","text/xml","application/x-www-form-urlencoded"],"produces":["application/json","text/json","application/xml","text/xml"],"parameters":[{"name":"item","in":"body","required":true,"schema":{"$ref":"#/definitions/SalesRep"}},{"name":"id","in":"path","required":true,"type":"string"}],"responses":{"200":{"description":"OK","schema":{"$ref":"#/definitions/SalesRep"}},"201":{"description":"Sales rep successfully created and associated to existing quote.","schema":{"$ref":"#/definitions/SalesRep"}},"404":{"description":"Returned when the resource being requested or targeted does not exist or was not found."}},"deprecated":false},"delete":{"tags":["Quotes"],"operationId":"Quotes_DeleteQuoteSalesReps","consumes":[],"produces":["application/json","text/json","application/xml","text/xml"],"parameters":[{"name":"id","in":"path","required":true,"type":"string"}],"responses":{"200":{"description":"OK","schema":{"$ref":"#/definitions/Object"}},"204":{"description":"Successfully removed all sales reps from existing quote."},"404":{"description":"Returned when the resource being requested or targeted does not exist or was not found."}},"deprecated":false}},"/v1/quotes/{id}/salesReps/{salesRepId}":{"get":{"tags":["Quotes"],"operationId":"Quotes_GetQuoteSalesRep","consumes":[],"produces":["application/json","text/json","application/xml","text/xml"],"parameters":[{"name":"id","in":"path","required":true,"type":"string"},{"name":"salesRepId","in":"path","required":true,"type":"string"}],"responses":{"200":{"description":"Return a sales rep from an existing quote.","schema":{"$ref":"#/definitions/SalesRep"}},"404":{"description":"Returned when the resource being requested or targeted does not exist or was not found."}},"deprecated":false},"delete":{"tags":["Quotes"],"operationId":"Quotes_DeleteQuoteSalesRep","consumes":[],"produces":["application/json","text/json","application/xml","text/xml"],"parameters":[{"name":"id","in":"path","required":true,"type":"string"},{"name":"salesRepId","in":"path","required":true,"type":"string"}],"responses":{"200":{"description":"OK","schema":{"$ref":"#/definitions/Object"}},"204":{"description":"Successfully removed sales rep from existing quote."},"404":{"description":"Returned when the resource being requested or targeted does not exist or was not found."}},"deprecated":false}},"/v1/quotes/{id}/paymentMethods":{"get":{"tags":["Quotes"],"operationId":"Quotes_GetQuotePaymentMethods","consumes":[],"produces":["application/json","text/json","application/xml","text/xml"],"parameters":[{"name":"id","in":"path","required":true,"type":"string"}],"responses":{"200":{"description":"Return all payment methods on an existing quote.","schema":{"type":"array","items":{"$ref":"#/definitions/PaymentMethod"}}},"404":{"description":"Returned when the resource being requested or targeted does not exist or was not found."}},"deprecated":false},"post":{"tags":["Quotes"],"operationId":"Quotes_CreateQuotePaymentMethod","consumes":["application/json","text/json","application/xml","text/xml","application/x-www-form-urlencoded"],"produces":["application/json","text/json","application/xml","text/xml"],"parameters":[{"name":"item","in":"body","required":true,"schema":{"$ref":"#/definitions/PaymentMethod"}},{"name":"id","in":"path","required":true,"type":"string"}],"responses":{"200":{"description":"OK","schema":{"$ref":"#/definitions/PaymentMethod"}},"201":{"description":"Payment information successfully created.","schema":{"$ref":"#/definitions/PaymentMethod"}},"404":{"description":"Returned when the resource being requested or targeted does not exist or was not found."}},"deprecated":false},"delete":{"tags":["Quotes"],"operationId":"Quotes_DeleteQuotePaymentMethods","consumes":[],"produces":["application/json","text/json","application/xml","text/xml"],"parameters":[{"name":"id","in":"path","required":true,"type":"string"}],"responses":{"200":{"description":"OK","schema":{"$ref":"#/definitions/Object"}},"204":{"description":"Delete alany payment methods associated to existing quote."},"404":{"description":"Returned when the resource being requested or targeted does not exist or was not found."}},"deprecated":false}},"/v1/quotes/{id}/paymentMethods/{paymentMethodId}":{"get":{"tags":["Quotes"],"operationId":"Quotes_GetQuotePaymentMethod","consumes":[],"produces":["application/json","text/json","application/xml","text/xml"],"parameters":[{"name":"id","in":"path","required":true,"type":"string"},{"name":"paymentMethodId","in":"path","required":true,"type":"string"}],"responses":{"200":{"description":"Return a payment method on an existing quote.","schema":{"$ref":"#/definitions/PaymentMethod"}},"404":{"description":"Returned when the resource being requested or targeted does not exist or was not found."}},"deprecated":false},"delete":{"tags":["Quotes"],"operationId":"Quotes_DeleteQuotePaymentMethod","consumes":[],"produces":["application/json","text/json","application/xml","text/xml"],"parameters":[{"name":"id","in":"path","required":true,"type":"string"},{"name":"paymentMethodId","in":"path","required":true,"type":"string"}],"responses":{"200":{"description":"OK","schema":{"$ref":"#/definitions/Object"}},"204":{"description":"Delete an existing payment method on an existing quote."},"404":{"description":"Returned when the resource being requested or targeted does not exist or was not found."}},"deprecated":false}},"/v1/quotes/{id}/contract":{"get":{"tags":["Quotes"],"operationId":"Quotes_GetQuoteContract","consumes":[],"produces":["application/json","text/json","application/xml","text/xml"],"parameters":[{"name":"id","in":"path","required":true,"type":"string"}],"responses":{"200":{"description":"Return contract associated to existing quote.","schema":{"$ref":"#/definitions/Contract"}},"404":{"description":"Returned when the resource being requested or targeted does not exist or was not found."}},"deprecated":false},"put":{"tags":["Quotes"],"operationId":"Quotes_CreateQuoteContract","consumes":["application/json","text/json","application/xml","text/xml","application/x-www-form-urlencoded"],"produces":["application/json","text/json","application/xml","text/xml"],"parameters":[{"name":"item","in":"body","required":true,"schema":{"$ref":"#/definitions/Contract"}},{"name":"id","in":"path","required":true,"type":"string"}],"responses":{"200":{"description":"OK","schema":{"$ref":"#/definitions/Contract"}},"201":{"description":"Successfully upsert new contract for existing quote.","schema":{"$ref":"#/definitions/Contract"}},"404":{"description":"Returned when the resource being requested or targeted does not exist or was not found."}},"deprecated":false},"delete":{"tags":["Quotes"],"operationId":"Quotes_DeleteAllQuoteContracts","consumes":[],"produces":["application/json","text/json","application/xml","text/xml"],"parameters":[{"name":"id","in":"path","required":true,"type":"string"}],"responses":{"200":{"description":"OK","schema":{"$ref":"#/definitions/Object"}},"204":{"description":"Successfully delete contract from existing quote."},"404":{"description":"Returned when the resource being requested or targeted does not exist or was not found."}},"deprecated":false}},"/v1/quotes/{id}/items/{itemId}/contract":{"get":{"tags":["Quotes"],"operationId":"Quotes_GetQuoteItemContracts","consumes":[],"produces":["application/json","text/json","application/xml","text/xml"],"parameters":[{"name":"id","in":"path","required":true,"type":"string"},{"name":"itemId","in":"path","required":true,"type":"string"}],"responses":{"200":{"description":"Return contract associated to existing quote item.","schema":{"$ref":"#/definitions/Contract"}},"404":{"description":"Returned when the resource being requested or targeted does not exist or was not found."}},"deprecated":false},"put":{"tags":["Quotes"],"operationId":"Quotes_CreateQuoteItemContract","consumes":["application/json","text/json","application/xml","text/xml","application/x-www-form-urlencoded"],"produces":["application/json","text/json","application/xml","text/xml"],"parameters":[{"name":"item","in":"body","required":true,"schema":{"$ref":"#/definitions/Contract"}},{"name":"id","in":"path","required":true,"type":"string"},{"name":"itemId","in":"path","required":true,"type":"string"}],"responses":{"200":{"description":"OK","schema":{"$ref":"#/definitions/Contract"}},"201":{"description":"Successfully created new contract for existing quote.","schema":{"$ref":"#/definitions/Contract"}},"404":{"description":"Returned when the resource being requested or targeted does not exist or was not found."}},"deprecated":false},"delete":{"tags":["Quotes"],"operationId":"Quotes_DeleteQuoteItemContract","consumes":[],"produces":["application/json","text/json","application/xml","text/xml"],"parameters":[{"name":"id","in":"path","required":true,"type":"string"},{"name":"itemId","in":"path","required":true,"type":"string"}],"responses":{"200":{"description":"OK","schema":{"$ref":"#/definitions/Object"}},"204":{"description":"Successfully deleted contract from existing quote item."},"404":{"description":"Returned when the resource being requested or targeted does not exist or was not found."}},"deprecated":false}},"/v1/quotes/{id}/installationInstructions":{"get":{"tags":["Quotes"],"operationId":"Quotes_GetQuoteInstructions","consumes":[],"produces":["application/json","text/json","application/xml","text/xml"],"parameters":[{"name":"id","in":"path","required":true,"type":"string"}],"responses":{"200":{"description":"Return a list of all instructions associated to existing quote.","schema":{"type":"array","items":{"$ref":"#/definitions/Instruction"}}},"404":{"description":"Returned when the resource being requested or targeted does not exist or was not found."}},"deprecated":false},"post":{"tags":["Quotes"],"operationId":"Quotes_CreateQuoteInstruction","consumes":["application/json","text/json","application/xml","text/xml","application/x-www-form-urlencoded"],"produces":["application/json","text/json","application/xml","text/xml"],"parameters":[{"name":"item","in":"body","required":true,"schema":{"$ref":"#/definitions/Instruction"}},{"name":"id","in":"path","required":true,"type":"string"}],"responses":{"200":{"description":"OK","schema":{"$ref":"#/definitions/Instruction"}},"201":{"description":"Successfully created instruction for existing quote.","schema":{"$ref":"#/definitions/Instruction"}},"404":{"description":"Returned when the resource being requested or targeted does not exist or was not found."}},"deprecated":false}},"/v1/quotes/{id}/installationInstructions/{instructionId}":{"get":{"tags":["Quotes"],"operationId":"Quotes_GetQuoteInstruction","consumes":[],"produces":["application/json","text/json","application/xml","text/xml"],"parameters":[{"name":"id","in":"path","required":true,"type":"string"},{"name":"instructionId","in":"path","required":true,"type":"string"}],"responses":{"200":{"description":"Return instruction for provided instruction id for an existing quote.","schema":{"$ref":"#/definitions/Instruction"}},"404":{"description":"Returned when the resource being requested or targeted does not exist or was not found."}},"deprecated":false},"delete":{"tags":["Quotes"],"operationId":"Quotes_DeleteQuoteInstruction","consumes":[],"produces":["application/json","text/json","application/xml","text/xml"],"parameters":[{"name":"id","in":"path","required":true,"type":"string"},{"name":"instructionId","in":"path","required":true,"type":"string"}],"responses":{"200":{"description":"OK","schema":{"$ref":"#/definitions/Object"}},"204":{"description":"Successfully delete instruction from an existing quote."},"404":{"description":"Returned when the resource being requested or targeted does not exist or was not found."}},"deprecated":false}},"/v1/quotes/{id}/validations":{"get":{"tags":["Quotes"],"operationId":"Quotes_GetQuoteValidations","consumes":[],"produces":["application/json","text/json","application/xml","text/xml"],"parameters":[{"name":"id","in":"path","required":true,"type":"string"}],"responses":{"200":{"description":"Return a list of validation messages for an existing quote.","schema":{"type":"array","items":{"$ref":"#/definitions/Validation"}}},"404":{"description":"Returned when the resource being requested or targeted does not exist or was not found."}},"deprecated":false}},"/v1/quotes/{id}/coupons":{"get":{"tags":["Quotes"],"operationId":"Quotes_GetQuoteCoupons","consumes":[],"produces":["application/json","text/json","application/xml","text/xml"],"parameters":[{"name":"id","in":"path","required":true,"type":"string"}],"responses":{"200":{"description":"Return all coupons associated to an existing quote.","schema":{"type":"array","items":{"$ref":"#/definitions/Coupon"}}},"404":{"description":"Returned when the resource being requested or targeted does not exist or was not found."}},"deprecated":false},"post":{"tags":["Quotes"],"operationId":"Quotes_CreateQuoteCoupon","consumes":["application/json","text/json","application/xml","text/xml","application/x-www-form-urlencoded"],"produces":["application/json","text/json","application/xml","text/xml"],"parameters":[{"name":"item","in":"body","required":true,"schema":{"$ref":"#/definitions/Coupon"}},{"name":"id","in":"path","required":true,"type":"string"}],"responses":{"200":{"description":"OK","schema":{"$ref":"#/definitions/Coupon"}},"201":{"description":"Successfully add coupon to existing quote.","schema":{"$ref":"#/definitions/Coupon"}},"404":{"description":"Returned when the resource being requested or targeted does not exist or was not found."}},"deprecated":false},"delete":{"tags":["Quotes"],"operationId":"Quotes_DeleteQuoteCoupons","consumes":[],"produces":["application/json","text/json","application/xml","text/xml"],"parameters":[{"name":"id","in":"path","required":true,"type":"string"}],"responses":{"200":{"description":"OK","schema":{"$ref":"#/definitions/Object"}},"204":{"description":"Successfully delete all coupons on existing quote."},"404":{"description":"Returned when the resource being requested or targeted does not exist or was not found."}},"deprecated":false}},"/v1/quotes/{id}/coupons/{couponId}":{"get":{"tags":["Quotes"],"operationId":"Quotes_GetQuoteCoupon","consumes":[],"produces":["application/json","text/json","application/xml","text/xml"],"parameters":[{"name":"id","in":"path","required":true,"type":"string"},{"name":"couponId","in":"path","required":true,"type":"string"}],"responses":{"200":{"description":"Return coupon code associated to an existing quote and coupon.","schema":{"$ref":"#/definitions/Coupon"}},"404":{"description":"Returned when the resource being requested or targeted does not exist or was not found."}},"deprecated":false},"delete":{"tags":["Quotes"],"operationId":"Quotes_DeleteQuoteCoupon","consumes":[],"produces":["application/json","text/json","application/xml","text/xml"],"parameters":[{"name":"id","in":"path","required":true,"type":"string"},{"name":"couponId","in":"path","required":true,"type":"string"}],"responses":{"200":{"description":"OK","schema":{"$ref":"#/definitions/Object"}},"204":{"description":"Successfully delete a single coupon from an existing quote."},"404":{"description":"Returned when the resource being requested or targeted does not exist or was not found."}},"deprecated":false}},"/v1/quotes/{id}/items/{itemId}/coupons":{"get":{"tags":["Quotes"],"operationId":"Quotes_GetQuoteItemCoupons","consumes":[],"produces":["application/json","text/json","application/xml","text/xml"],"parameters":[{"name":"id","in":"path","required":true,"type":"string"},{"name":"itemId","in":"path","required":true,"type":"string"}],"responses":{"200":{"description":"Return all coupons associated to an existing quote.","schema":{"type":"array","items":{"$ref":"#/definitions/Coupon"}}},"404":{"description":"Returned when the resource being requested or targeted does not exist or was not found."}},"deprecated":false},"post":{"tags":["Quotes"],"operationId":"Quotes_CreateQuoteItemCoupon","consumes":["application/json","text/json","application/xml","text/xml","application/x-www-form-urlencoded"],"produces":["application/json","text/json","application/xml","text/xml"],"parameters":[{"name":"item","in":"body","required":true,"schema":{"$ref":"#/definitions/Coupon"}},{"name":"id","in":"path","required":true,"type":"string"},{"name":"itemId","in":"path","required":true,"type":"string"}],"responses":{"200":{"description":"OK","schema":{"$ref":"#/definitions/Coupon"}},"201":{"description":"Successfully created and associated coupon to existing quote item.","schema":{"$ref":"#/definitions/Coupon"}},"404":{"description":"Returned when the resource being requested or targeted does not exist or was not found."}},"deprecated":false},"delete":{"tags":["Quotes"],"operationId":"Quotes_DeleteQuoteItemCoupons","consumes":[],"produces":["application/json","text/json","application/xml","text/xml"],"parameters":[{"name":"id","in":"path","required":true,"type":"string"},{"name":"itemId","in":"path","required":true,"type":"string"}],"responses":{"200":{"description":"OK","schema":{"$ref":"#/definitions/Object"}},"204":{"description":"Successfully removed all coupons from existing quote item."},"404":{"description":"Returned when the resource being requested or targeted does not exist or was not found."}},"deprecated":false}},"/v1/quotes/{id}/items/{itemId}/coupons/{couponId}":{"get":{"tags":["Quotes"],"operationId":"Quotes_GetQuoteItemCoupon","consumes":[],"produces":["application/json","text/json","application/xml","text/xml"],"parameters":[{"name":"id","in":"path","required":true,"type":"string"},{"name":"couponId","in":"path","required":true,"type":"string"},{"name":"itemId","in":"path","required":true,"type":"string"}],"responses":{"200":{"description":"Return coupon code associated to an existing quote and coupon.","schema":{"$ref":"#/definitions/Coupon"}},"404":{"description":"Returned when the resource being requested or targeted does not exist or was not found."}},"deprecated":false},"delete":{"tags":["Quotes"],"operationId":"Quotes_DeleteQuoteItemCoupon","consumes":[],"produces":["application/json","text/json","application/xml","text/xml"],"parameters":[{"name":"id","in":"path","required":true,"type":"string"},{"name":"couponId","in":"path","required":true,"type":"string"},{"name":"itemId","in":"path","required":true,"type":"string"}],"responses":{"200":{"description":"OK","schema":{"$ref":"#/definitions/Object"}},"204":{"description":"Successfully remove a single coupon from an existing quote item."},"404":{"description":"Returned when the resource being requested or targeted does not exist or was not found."}},"deprecated":false}}},"definitions":{"Order":{"required":["BusinessContext"],"type":"object","properties":{"IsSuccessful":{"type":"boolean"},"DPID":{"type":"string"},"ProcessingResults":{"type":"array","items":{"$ref":"#/definitions/ProcesssingResult"}},"Contact":{"$ref":"#/definitions/Contact"},"Items":{"type":"array","items":{"$ref":"#/definitions/QuoteItem"}},"Shipments":{"type":"array","items":{"$ref":"#/definitions/Shipment"}},"BusinessContext":{"$ref":"#/definitions/Context"},"CommunicationInformation":{"$ref":"#/definitions/CommunicationInformation"},"SalesReps":{"type":"array","items":{"$ref":"#/definitions/SalesRep"}},"PricingSummary":{"$ref":"#/definitions/PricingSummary"},"TaxInformation":{"$ref":"#/definitions/TaxInformation"},"Properties":{"type":"object","additionalProperties":{"type":"string"}},"Contract":{"$ref":"#/definitions/Contract"},"Customer":{"$ref":"#/definitions/Customer"},"InstallationInstructions":{"type":"array","items":{"$ref":"#/definitions/Instruction"}},"Coupons":{"type":"array","items":{"$ref":"#/definitions/Coupon"}},"PaymentMethods":{"type":"array","items":{"$ref":"#/definitions/PaymentMethod"}},"Validations":{"type":"array","items":{"$ref":"#/definitions/Validation"}},"ExportCompliance":{"$ref":"#/definitions/ExportIntent"},"Id":{"type":"string"},"Name":{"type":"string"},"Status":{"type":"string"},"IsSmb":{"type":"boolean"},"RetentionDays":{"format":"int32","type":"integer"},"Number":{"format":"int32","type":"integer"},"Version":{"format":"int32","type":"integer"},"CreatedBy":{"type":"string"},"LastModifiedOn":{"format":"date-time","type":"string"},"ExpiresOn":{"format":"date-time","type":"string"},"CreatedOn":{"format":"date-time","type":"string"},"OpportunityId":{"type":"string"},"State":{"type":"string"},"PONumber":{"type":"string"},"Type":{"type":"string"},"POMId":{"type":"string"},"LinkId":{"type":"string"},"SolutionId":{"type":"string"},"SolutionVersion":{"type":"string"},"SolutionRegion":{"type":"string"},"SolutionGroupId":{"type":"string"},"SolutionRequestOrigin":{"type":"string"}}},"ProcesssingResult":{"type":"object","properties":{"ResultSource":{"type":"string"},"ResultType":{"type":"string"},"ErrorCategory":{"type":"string"},"OrderFormId":{"type":"string"},"ItemId":{"type":"string"},"RequestId":{"type":"string"},"ShortDesc":{"type":"string"},"LongDesc":{"type":"string"},"ResultData":{"type":"object","additionalProperties":{"type":"string"}},"ProcessedUTCTime":{"format":"date-time","type":"string"}}},"Contact":{"required":["FirstName","EmailAddress"],"type":"object","properties":{"CompanyName":{"type":"string"},"FirstName":{"type":"string"},"MiddleName":{"type":"string"},"LastName":{"type":"string"},"Department":{"type":"string"},"EmailAddress":{"type":"string"},"WarrantyEmail":{"type":"string"},"DigitalFulfillmentEmail":{"type":"string"},"PhoneContacts":{"type":"array","items":{"$ref":"#/definitions/PhoneNumber"}},"Fax":{"$ref":"#/definitions/PhoneNumber"},"Address":{"$ref":"#/definitions/Address"}}},"QuoteItem":{"type":"object","properties":{"Comments":{"type":"array","items":{"$ref":"#/definitions/Comment"}},"Coupons":{"type":"array","items":{"$ref":"#/definitions/Coupon"}},"Id":{"type":"string"},"Properties":{"type":"object","additionalProperties":{"type":"string"}},"Contract":{"$ref":"#/definitions/Contract"},"PriceAdjustment":{"$ref":"#/definitions/PriceAdjustment"},"PricingSummary":{"$ref":"#/definitions/ItemPricingSummary"},"Product":{"$ref":"#/definitions/Product"},"GoalDealSummary":{"$ref":"#/definitions/GoalDealSummary"},"DamValidationResult":{"$ref":"#/definitions/DamValidationResult"},"OpportunityLineId":{"type":"string"},"Validations":{"type":"array","items":{"$ref":"#/definitions/Validation"}},"CFIComments":{"type":"array","items":{"$ref":"#/definitions/CfiComment"}},"Quantity":{"format":"double","type":"number"},"GoalId":{"type":"string"}}},"Shipment":{"type":"object","properties":{"Id":{"type":"string"},"ShippingContact":{"$ref":"#/definitions/Contact"},"Items":{"type":"array","items":{"$ref":"#/definitions/ShipmentItem"}},"Instructions":{"type":"string"},"ShipmentName":{"type":"string"},"ShippingMethod":{"type":"string"}}},"Context":{"required":["SourceApplicationName","CompanyNumber","CustomerSet","Language","Region","Segment","BusinessUnitId"],"type":"object","properties":{"SourceApplicationName":{"type":"string"},"AccessGroup":{"type":"string"},"CompanyNumber":{"type":"string"},"Country":{"type":"string"},"Currency":{"type":"string"},"CustomerSet":{"type":"string"},"Language":{"type":"string"},"Region":{"type":"string"},"Segment":{"type":"string"},"BusinessUnitId":{"type":"string"}}},"CommunicationInformation":{"required":["Language","SendTo"],"type":"object","properties":{"Language":{"type":"string"},"Format":{"type":"string"},"SendTo":{"type":"string"},"CcEmailAddress":{"type":"array","items":{"type":"string"}},"IsCcRequired":{"type":"boolean"},"Segment":{"type":"string"},"CountryCode":{"type":"string"},"DateCreated":{"format":"date-time","type":"string"}}},"SalesRep":{"type":"object","properties":{"Id":{"type":"string"},"SalesPersonNumber":{"format":"int32","type":"integer"},"EmployeeId":{"type":"string"},"Firstname":{"type":"string"},"Lastname":{"type":"string"},"MiddleInitial":{"type":"string"},"Email":{"type":"string"},"SalesRepType":{"format":"int32","enum":[0,1,2],"type":"integer"},"Phone":{"$ref":"#/definitions/PhoneNumber"},"HasSmartPriceRights":{"type":"boolean"}}},"PricingSummary":{"type":"object","properties":{"ListPrice":{"format":"double","type":"number"},"SellingPrice":{"format":"double","type":"number"},"CostPrice":{"format":"double","type":"number"},"DiscountPercentage":{"format":"double","type":"number"},"DiscountValue":{"format":"double","type":"number"},"CompRevenue":{"format":"double","type":"number"},"TotalMarginValue":{"format":"double","type":"number"},"MarginPercentage":{"format":"double","type":"number"},"SubTotal":{"format":"double","type":"number"},"ShippingAmountBeforeDiscount":{"format":"double","type":"number"},"ShippingAmount":{"format":"double","type":"number"},"ShippingDiscountAmount":{"format":"double","type":"number"},"TotalTax":{"format":"double","type":"number"},"EcoFee":{"format":"double","type":"number"},"FinalPrice":{"format":"double","type":"number"},"DamMarginVariance":{"format":"double","type":"number"},"DamDiscountVariance":{"format":"double","type":"number"},"TotalDamDiscountVariancePercentage":{"format":"double","type":"number"},"TotalDamMarginVariancePercentage":{"format":"double","type":"number"}}},"TaxInformation":{"type":"object","properties":{"TaxOverrideRate":{"format":"double","type":"number"},"IsTaxOverrideEnabled":{"type":"boolean"},"IsStateTaxIncluded":{"type":"boolean"},"Type":{"type":"string"},"IsExempt":{"type":"boolean"},"IsRequired":{"type":"boolean"}}},"Contract":{"required":["ContractCode"],"type":"object","properties":{"ContractCode":{"type":"string"},"CustomerClassCode":{"type":"string"},"IsContractMandatory":{"type":"boolean"},"LineItemInvoicing":{"type":"string"},"CustomerAgreementNumber":{"type":"string"},"Error":{"type":"string"},"IsValid":{"type":"boolean"},"IsValidForCustomer":{"type":"boolean"},"IsExpired":{"type":"boolean"},"IsExpiringBeforeQuote":{"type":"boolean"},"EndDate":{"type":"string"},"DellPaysShippingMessage":{"type":"string"},"DellPaysShippingMethod":{"type":"string"}}},"Customer":{"type":"object","properties":{"Id":{"type":"string"},"Name":{"type":"string"},"Status":{"type":"string"},"AccountId":{"type":"string"},"CustomerNumber":{"type":"string"},"Company":{"$ref":"#/definitions/Company"},"Language":{"type":"string"},"OMSCustomerId":{"type":"string"}}},"Instruction":{"type":"object","properties":{"Id":{"type":"string"},"Instructions":{"type":"string"}}},"Coupon":{"required":["Code","OfferAmount"],"type":"object","properties":{"CouponId":{"type":"string"},"Code":{"type":"string"},"Status":{"format":"int32","type":"integer"},"Type":{"format":"int32","type":"integer"},"PriceFlags":{"format":"int32","type":"integer"},"OfferAmount":{"format":"double","type":"number"},"Id":{"format":"int32","type":"integer"},"LegalDescription":{"type":"string"},"LongDescription":{"type":"string"},"CampaignId":{"format":"int32","type":"integer"},"CampaignType":{"type":"string"},"IsFinancial":{"type":"boolean"},"CouponType":{"type":"string"},"PricingRuleBucketId":{"format":"int32","type":"integer"},"PricingRuleDescription":{"type":"string"},"PricingRuleRank":{"format":"int32","type":"integer"},"ExpiryDescription":{"type":"string"},"Selected":{"type":"boolean"},"BehaviorValue":{"type":"string"},"Name":{"type":"string"},"Description":{"type":"string"},"Message":{"type":"string"},"IsPercentOff":{"type":"boolean"},"PercentValue":{"format":"double","type":"number"},"DiscountAmount":{"format":"double","type":"number"},"ExpirationDate":{"format":"date-time","type":"string"},"IsCoupon":{"type":"boolean"},"IsCouponValid":{"type":"boolean"}}},"PaymentMethod":{"type":"object","properties":{"Id":{"type":"string"},"Amount":{"format":"double","type":"number"},"IsRecurring":{"type":"boolean"},"Code":{"type":"string"},"GlobalPaymentID":{"type":"string"},"Description":{"type":"string"},"Type":{"format":"int32","enum":[0,1,2,3,4,5,6,7,8,9,10,11,12,13,14,15,16],"type":"integer"}}},"Validation":{"type":"object","properties":{"Source":{"type":"string"},"ItemId":{"type":"string"},"Message":{"type":"string"},"Severity":{"type":"string"}}},"ExportIntent":{"type":"object","properties":{"ProductUsage":{"type":"string"},"Country":{"type":"string"},"IsExport":{"type":"boolean"}}},"PhoneNumber":{"type":"object","properties":{"CountryCode":{"type":"string"},"AreaCode":{"type":"string"},"Number":{"type":"string"},"Extension":{"type":"string"},"PhoneType":{"format":"int32","enum":[0,1,2],"type":"integer"}}},"Address":{"required":["Line1","City","Region","PostalCode","Country"],"type":"object","properties":{"Id":{"type":"string"},"Line1":{"type":"string"},"Line2":{"type":"string"},"City":{"type":"string"},"Region":{"type":"string"},"PostalCode":{"type":"string"},"CountryCode":{"format":"int32","type":"integer"},"Country":{"type":"string"}}},"Comment":{"required":["Text"],"type":"object","properties":{"Id":{"type":"string"},"Code":{"type":"string"},"Text":{"type":"string"},"Type":{"type":"string"},"IsRequired":{"type":"boolean"},"IsIncluded":{"type":"boolean"}}},"PriceAdjustment":{"type":"object","properties":{"IsTaxInclusive":{"type":"boolean"},"ExpirationTime":{"format":"date-time","type":"string"},"Scope":{"format":"int32","enum":[0,1],"type":"integer"},"Value":{"format":"double","type":"number"},"Type":{"format":"int32","enum":[0,1,2],"type":"integer"}}},"ItemPricingSummary":{"type":"object","properties":{"UnitPrice":{"format":"double","type":"number"},"UnitMargin":{"format":"double","type":"number"},"UnitCost":{"format":"double","type":"number"},"TotalCost":{"format":"double","type":"number"},"UnitDiscountValue":{"format":"double","type":"number"},"UnitDiscountPercentage":{"format":"double","type":"number"},"UnitSellingPrice":{"format":"double","type":"number"},"TotalListPrice":{"format":"double","type":"number"},"SellingPrice":{"format":"double","type":"number"},"TotalMargin":{"format":"double","type":"number"},"ItemMarginPercentage":{"format":"double","type":"number"},"UnitMarginPercentage":{"format":"double","type":"number"},"Dol":{"format":"double","type":"number"},"RetailPrice":{"format":"double","type":"number"},"ContractPrice":{"format":"double","type":"number"},"TaxAmount":{"format":"double","type":"number"},"SalesTax":{"format":"double","type":"number"},"ServiceContract":{"format":"double","type":"number"},"StateEnvFee":{"format":"double","type":"number"},"ShippingAmount":{"format":"double","type":"number"},"UnadjustedShippingAmount":{"format":"double","type":"number"},"TotalAmount":{"format":"double","type":"number"},"TotalDiscountValue":{"format":"double","type":"number"},"TotalDiscountPercent":{"format":"double","type":"number"},"ContractDiscountPercentage":{"format":"double","type":"number"},"PromotionsValue":{"format":"double","type":"number"},"PromotionsPercentage":{"format":"double","type":"number"},"DiscountList":{"type":"array","items":{"$ref":"#/definitions/Promotion"}},"ManualDiscountPercentage":{"format":"double","type":"number"},"ShippingPriceDiscount":{"format":"double","type":"number"},"DolPercentage":{"format":"double","type":"number"},"EcoFee":{"format":"double","type":"number"}}},"Product":{"type":"object","properties":{"Id":{"type":"string"},"Name":{"type":"string"},"Description":{"type":"string"},"UnitPrice":{"format":"double","type":"number"},"ExtendedPrice":{"format":"double","type":"number"},"UnspcCode":{"type":"string"},"ManufacturerId":{"type":"string"},"CatalogId":{"format":"int32","type":"integer"},"CsSiNumber":{"type":"string"},"ChassisId":{"format":"int32","type":"integer"},"ProductLineType":{"format":"int32","enum":[0,1,2,3,4,5,6],"type":"integer"},"Category":{"type":"string"},"ItemBuildTime":{"format":"int32","type":"integer"},"ItemShipDate":{"format":"date-time","type":"string"},"BuildToStock":{"type":"boolean"},"InventoryStatus":{"type":"string"},"InventoryLevel":{"type":"string"},"InventoryQuantity":{"format":"int32","type":"integer"},"BrandId":{"type":"string"},"LobId":{"type":"string"},"IsValidCfiProduct":{"type":"boolean"},"ManufacturerName":{"type":"string"},"SubClassCode":{"type":"string"},"Status":{"type":"string"},"IsTiedSku":{"type":"boolean"},"FamilyId":{"type":"string"},"Skus":{"type":"array","items":{"$ref":"#/definitions/Product"}},"Specifications":{"type":"array","items":{"$ref":"#/definitions/Specs"}},"Taxes":{"type":"array","items":{"$ref":"#/definitions/Tax"}},"Type":{"format":"int32","enum":[0,1],"type":"integer"}}},"GoalDealSummary":{"type":"object","properties":{"GoalDealId":{"type":"string"},"DoesDiscountExceedGoalDealLimit":{"type":"boolean"},"IsGoalDealAWin":{"type":"boolean"},"IsGoalDealEnabled":{"type":"boolean"},"IsGoalDealExpired":{"type":"boolean"},"IsGoalDealValid":{"type":"boolean"},"HasErrors":{"type":"boolean"}}},"DamValidationResult":{"type":"object","properties":{"ExceedsDiscount":{"type":"boolean"},"IsMarginShort":{"type":"boolean"},"DamDolPercentage":{"format":"double","type":"number"},"DamMarginPercentage":{"format":"double","type":"number"},"DamDiscountVariance":{"format":"double","type":"number"},"DamMarginVariance":{"format":"double","type":"number"},"TotalDamDiscountVariance":{"format":"double","type":"number"},"TotalDamMarginVariance":{"format":"double","type":"number"},"DamDiscountVariancePercentage":{"format":"double","type":"number"},"DamMarginVariancePercentage":{"format":"double","type":"number"}}},"CfiComment":{"type":"object","properties":{"Comment":{"type":"string"}}},"ShipmentItem":{"type":"object","properties":{"Id":{"type":"string"},"QuoteItemId":{"type":"string"},"ProductId":{"type":"string"},"EstimatedShippingDate":{"format":"date-time","type":"string"},"EstimatedDeliveryDate":{"format":"date-time","type":"string"},"ArriveByDate":{"format":"date-time","type":"string"}}},"Company":{"required":["Name"],"type":"object","properties":{"Name":{"type":"string"},"Telephone":{"$ref":"#/definitions/PhoneNumber"},"Fax":{"$ref":"#/definitions/PhoneNumber"},"Number":{"type":"string"}}},"Promotion":{"type":"object","properties":{"Id":{"format":"int32","type":"integer"},"LegalDescription":{"type":"string"},"LongDescription":{"type":"string"},"CampaignId":{"format":"int32","type":"integer"},"CampaignType":{"type":"string"},"IsFinancial":{"type":"boolean"},"CouponType":{"type":"string"},"PricingRuleBucketId":{"format":"int32","type":"integer"},"PricingRuleDescription":{"type":"string"},"PricingRuleRank":{"format":"int32","type":"integer"},"ExpiryDescription":{"type":"string"},"Selected":{"type":"boolean"},"BehaviorValue":{"type":"string"},"Name":{"type":"string"},"Description":{"type":"string"},"Message":{"type":"string"},"IsPercentOff":{"type":"boolean"},"PercentValue":{"format":"double","type":"number"},"DiscountAmount":{"format":"double","type":"number"},"ExpirationDate":{"format":"date-time","type":"string"},"IsCoupon":{"type":"boolean"},"IsCouponValid":{"type":"boolean"}}},"Specs":{"type":"object","properties":{"ModuleId":{"format":"int32","type":"integer"},"DiscountClass":{"type":"string"},"SkuClass":{"type":"string"},"Category":{"type":"string"},"ItemTypeCode":{"type":"string"},"OptionId":{"type":"string"},"Quantity":{"format":"int32","type":"integer"},"Descriptions":{"type":"array","items":{"type":"string"}},"Notifications":{"type":"array","items":{"type":"string"}},"SellingPrice":{"format":"double","type":"number"},"UnitPrice":{"format":"double","type":"number"},"Discount":{"format":"double","type":"number"},"DiscountPercentage":{"format":"double","type":"number"},"MarginPercentage":{"format":"double","type":"number"},"Margin":{"format":"double","type":"number"},"DisplaySiNumber":{"type":"boolean"},"LineOfBusiness":{"type":"string"},"OptionSkus":{"type":"array","items":{"$ref":"#/definitions/OptionSku"}},"Status":{"type":"string"}}},"Tax":{"type":"object","properties":{"TaxType":{"type":"string"},"TaxRate":{"format":"double","type":"number"},"TaxAmount":{"format":"double","type":"number"},"TaxableAmount":{"format":"double","type":"number"}}},"OptionSku":{"type":"object","properties":{"Id":{"type":"string"},"Quantity":{"format":"int32","type":"integer"},"ListPrice":{"format":"double","type":"number"},"SellingPrice":{"format":"double","type":"number"},"DiscountClass":{"type":"string"},"Description":{"type":"string"},"UnitCost":{"format":"double","type":"number"},"RenewalSku":{"type":"string"},"RenewalSkuPrice":{"format":"double","type":"number"}}},"GetOrdersFilter":{"type":"object","properties":{"CustomerNumber":{"type":"string"},"PONumber":{"type":"string"},"Country":{"type":"string"},"SalesRepId":{"type":"string"},"StartDate":{"format":"date-time","type":"string"},"CreatedBy":{"type":"string"},"OpportunityId":{"type":"string"},"QuoteNumber":{"type":"string"},"QuoteName":{"type":"string"}}},"OrderBase":{"type":"object","properties":{"IsSuccessful":{"type":"boolean"},"DPID":{"type":"string"},"ProcessingResults":{"type":"array","items":{"$ref":"#/definitions/ProcesssingResult"}}}},"GetQuotesFilter":{"type":"object","properties":{"LinkId":{"type":"string"},"Number":{"format":"int64","type":"integer"},"Version":{"format":"int32","type":"integer"}}},"QuoteCollection":{"type":"object","properties":{"Items":{"type":"array","items":{"$ref":"#/definitions/Quote"}},"Total":{"format":"int32","type":"integer"},"Count":{"format":"int32","type":"integer"}}},"Quote":{"required":["BusinessContext"],"type":"object","properties":{"Contact":{"$ref":"#/definitions/Contact"},"Items":{"type":"array","items":{"$ref":"#/definitions/QuoteItem"}},"Shipments":{"type":"array","items":{"$ref":"#/definitions/Shipment"}},"BusinessContext":{"$ref":"#/definitions/Context"},"CommunicationInformation":{"$ref":"#/definitions/CommunicationInformation"},"SalesReps":{"type":"array","items":{"$ref":"#/definitions/SalesRep"}},"PricingSummary":{"$ref":"#/definitions/PricingSummary"},"TaxInformation":{"$ref":"#/definitions/TaxInformation"},"Properties":{"type":"object","additionalProperties":{"type":"string"}},"Contract":{"$ref":"#/definitions/Contract"},"Customer":{"$ref":"#/definitions/Customer"},"InstallationInstructions":{"type":"array","items":{"$ref":"#/definitions/Instruction"}},"Coupons":{"type":"array","items":{"$ref":"#/definitions/Coupon"}},"PaymentMethods":{"type":"array","items":{"$ref":"#/definitions/PaymentMethod"}},"Validations":{"type":"array","items":{"$ref":"#/definitions/Validation"}},"ExportCompliance":{"$ref":"#/definitions/ExportIntent"},"Id":{"type":"string"},"Name":{"type":"string"},"Status":{"type":"string"},"IsSmb":{"type":"boolean"},"RetentionDays":{"format":"int32","type":"integer"},"Number":{"format":"int32","type":"integer"},"Version":{"format":"int32","type":"integer"},"CreatedBy":{"type":"string"},"LastModifiedOn":{"format":"date-time","type":"string"},"ExpiresOn":{"format":"date-time","type":"string"},"CreatedOn":{"format":"date-time","type":"string"},"OpportunityId":{"type":"string"},"State":{"type":"string"},"PONumber":{"type":"string"},"Type":{"type":"string"},"POMId":{"type":"string"},"LinkId":{"type":"string"},"SolutionId":{"type":"string"},"SolutionVersion":{"type":"string"},"SolutionRegion":{"type":"string"},"SolutionGroupId":{"type":"string"},"SolutionRequestOrigin":{"type":"string"}}},"CreateQuoteFilter":{"type":"object","properties":{"FromQuoteId":{"type":"string"},"MergeFromQuoteIds":{"type":"string"},"IsEQuote":{"type":"boolean"},"SolutionId":{"type":"string"},"SolutionVersion":{"type":"string"},"SolutionRegion":{"type":"string"},"SolutionGroupId":{"type":"string"},"LinkToQuoteId":{"type":"string"},"FromDPID":{"format":"int64","type":"integer"}}},"GetQuoteFilter":{"type":"object","properties":{"ReCalculatePrice":{"type":"boolean"},"ValidateQuote":{"type":"boolean"}}},"QuoteBase":{"type":"object","properties":{"Id":{"type":"string"},"Name":{"type":"string"},"Status":{"type":"string"},"IsSmb":{"type":"boolean"},"RetentionDays":{"format":"int32","type":"integer"},"Number":{"format":"int32","type":"integer"},"Version":{"format":"int32","type":"integer"},"CreatedBy":{"type":"string"},"LastModifiedOn":{"format":"date-time","type":"string"},"ExpiresOn":{"format":"date-time","type":"string"},"CreatedOn":{"format":"date-time","type":"string"},"OpportunityId":{"type":"string"},"State":{"type":"string"},"PONumber":{"type":"string"},"Type":{"type":"string"},"POMId":{"type":"string"},"LinkId":{"type":"string"},"SolutionId":{"type":"string"},"SolutionVersion":{"type":"string"},"SolutionRegion":{"type":"string"},"SolutionGroupId":{"type":"string"},"SolutionRequestOrigin":{"type":"string"}}},"PartialUpdateQuoteFilter":{"type":"object","properties":{"LinkToQuoteId":{"type":"string"}}},"Object":{"type":"object","properties":{}},"CreateQuoteItemFilter":{"type":"object","properties":{"Code":{"type":"string"},"Type":{"format":"int32","enum":[0,1],"type":"integer"},"CatalogId":{"format":"int32","type":"integer"}}},"QuoteItemBase":{"type":"object","properties":{"Quantity":{"format":"double","type":"number"},"GoalId":{"type":"string"}}},"ShipmentBase":{"type":"object","properties":{"ShipmentName":{"type":"string"},"ShippingMethod":{"type":"string"}}}}}
