{
  "name": "angular-zeroclipboard",
  "version": "0.4.3",
  "description": "Angular Wrapper for ZeroClipboard",
  "main": "src/angular-zeroclipboard.js",
  "keywords": [
    "angular",
    "zeroclipboard"
  ],
  "authors": [
    "Leigh Zhu",
    "Stan Bondi"
  ],
  "ignore": [
    "**/.*",
    "node_modules",
    "components",
    "bower_components",
    "test*",
    "demo*",
    "GruntFile.js",
    "package.json"
  ],
  "license": "MIT",
  "homepage": "http://github.com/lisposter/angular-zeroclipboard",
  "dependencies": {
    "angular": "~1.2.16",
    "zeroclipboard": ">=2"
  },
  "_release": "0.4.3",
  "_resolution": {
    "type": "version",
    "tag": "v0.4.3",
    "commit": "9ed8c3f433e3c6d7599124c750913d208fa64388"
  },
  "_source": "git://github.com/lisposter/angular-zeroclipboard.git",
  "_target": "~0.4.2",
  "_originalSource": "angular-zeroclipboard"
}