{
  "name": "swagger-parser",
  "version": "2.4.3",
  "description": "Parses a JSON or YAML Swagger spec, validates it against the Swagger schema, and dereferences all $ref pointers",
  "keywords": [
    "json",
    "swagger",
    "spec",
    "specification",
    "schema",
    "validate",
    "validation",
    "reference",
    "dereference"
  ],
  "authors": [
    {
      "name": "James Messinger",
      "homepage": "http://jamesmessinger.com"
    }
  ],
  "license": "MIT",
  "homepage": "https://github.com/BigstickCarpet/swagger-parser",
  "main": "dist/swagger-parser.js",
  "repository": {
    "type": "git",
    "url": "https://github.com/BigstickCarpet/swagger-parser.git"
  },
  "ignore": [
    "**/*~",
    "**/._*",
    "**/.DS_Store",
    "npm-debug.log",
    ".idea",
    "node_modules",
    "bower_components",
    "tests",
    "lib",
    "/*.js",
    "/.*"
  ],
  "dependencies": {},
  "_release": "2.4.3",
  "_resolution": {
    "type": "version",
    "tag": "v2.4.3",
    "commit": "f2e86ecd7a9d7db47e5209d78c1382223eb8449f"
  },
  "_source": "git://github.com/BigstickCarpet/swagger-parser.git",
  "_target": "~2.4.1",
  "_originalSource": "swagger-parser"
}