{
  "name": "angular-marked",
  "version": "0.0.21",
  "authors": [
    "J. Harshbarger"
  ],
  "description": "AngularJS Markdown using marked.",
  "main": "angular-marked.js",
  "keywords": [
    "angularjs",
    "markdown",
    "marked",
    "directive",
    "filter"
  ],
  "license": "MIT",
  "ignore": [
    "**/.*",
    "node_modules",
    "bower_components",
    ".grunt",
    "test",
    "tests",
    "docs",
    "docs-template",
    "example"
  ],
  "dependencies": {
    "angular": ">= 1.3.0",
    "marked": "~0.3.1"
  },
  "devDependencies": {
    "angular-mocks": ">= 1.3.0"
  },
  "homepage": "https://github.com/Hypercubed/angular-marked",
  "_release": "0.0.21",
  "_resolution": {
    "type": "version",
    "tag": "v0.0.21",
    "commit": "fc83ab56059d08c05bff971d353c4ad106adf6b1"
  },
  "_source": "git://github.com/Hypercubed/angular-marked.git",
  "_target": "~0.0.21",
  "_originalSource": "angular-marked"
}